{
  "project_info": {
    "project_number": "1008335313619",
    "project_id": "significant-project-6b7e3",
    "storage_bucket": "significant-project-6b7e3.firebasestorage.app"
  },
  "client": [
    {
      "client_info": {
        "mobilesdk_app_id": "1:1008335313619:android:43a3bc5440d9c323db1226",
        "android_client_info": {
          "package_name": "com.rishabh0325.significantproject"
        }
      },
      "oauth_client": [
        {
          "client_id": "1008335313619-rvt3uj42h9tc0um04f43uinqou793089.apps.googleusercontent.com",
          "client_type": 1,
          "android_info": {
            "package_name": "com.rishabh0325.significantproject",
            "certificate_hash": "96b1c9a9c85225b918e95cfd31fb642514e885c9"
          }
        },
        {
          "client_id": "1008335313619-mshg29aenbc4euem83duub1gs5f5cs2u.apps.googleusercontent.com",
          "client_type": 3
        }
      ],
      "api_key": [
        {
          "current_key": "AIzaSyCqbo0EI8XclmRErPic6YNTL6YkKxtM2Zc"
        }
      ],
      "services": {
        "appinvite_service": {
          "other_platform_oauth_client": [
            {
              "client_id": "1008335313619-mshg29aenbc4euem83duub1gs5f5cs2u.apps.googleusercontent.com",
              "client_type": 3
            }
          ]
        }
      }
    }
  ],
  "configuration_version": "1"
}